Country,SP.DYN.LE00.IN,NY.GDP.PCAP.CD,SE.PRM.ENRR,SE.ADT.LITR.ZS
MDA,64.8971219512195,454.23615585799143,95.5127569957166