Country,SP.DYN.LE00.IN,NY.GDP.PCAP.CD,SE.PRM.ENRR,SE.ADT.LITR.ZS
MDA,64.9507073170732,-1142.388908525044,118.8631764909242