Country,SP.DYN.LE00.IN,NY.GDP.PCAP.CD,SE.PRM.ENRR,SE.ADT.LITR.ZS
MDA,64.9791951219512,2290.178028431927,90.83937181821997