Country,SP.DYN.LE00.IN,NY.GDP.PCAP.CD,SE.PRM.ENRR,SE.ADT.LITR.ZS
MDA,64.9891463414634,1533.6472448404093,92.89242196872472